{
  "means": {
    "shape": [
      61504,
      3
    ],
    "dtype": "float32",
    "mins": [
      -2.016592502593994,
      -1.9062535762786865,
      -1.9857643842697144
    ],
    "maxs": [
      1.884629487991333,
      1.8012518882751465,
      1.4758400917053223
    ],
    "files": [
      "means_l.webp",
      "means_u.webp"
    ]
  },
  "scales": {
    "shape": [
      61504,
      3
    ],
    "dtype": "float32",
    "mins": [
      -18.562334060668945,
      -19.003631591796875,
      -18.686769485473633
    ],
    "maxs": [
      -1.3427009582519531,
      -1.3974947929382324,
      -1.4306153059005737
    ],
    "files": [
      "scales.webp"
    ]
  },
  "quats": {
    "shape": [
      61504,
      4
    ],
    "dtype": "uint8",
    "encoding": "quaternion_packed",
    "files": [
      "quats.webp"
    ]
  },
  "sh0": {
    "shape": [
      61504,
      1,
      4
    ],
    "dtype": "float32",
    "mins": [
      -2.343458890914917,
      -2.7534196376800537,
      -3.19035005569458,
      -5.636660575866699
    ],
    "maxs": [
      4.024433135986328,
      5.0047287940979,
      3.8676371574401855,
      16.778654098510742
    ],
    "files": [
      "sh0.webp"
    ]
  },
  "shN": {
    "shape": [
      61504,
      45
    ],
    "dtype": "float32",
    "mins": -0.8370929956436157,
    "maxs": 0.9680696725845337,
    "quantization": 8,
    "files": [
      "shN_centroids.webp",
      "shN_labels.webp"
    ]
  }
}